{"last_download_success": 1628948199.9658792, "unseen_downloads": ["/home/jon/.config/variety/Downloaded/Unsplash/photo-1624615172835-a4435087eaa8.jpg", "/home/jon/.config/variety/Downloaded/Unsplash/photo-1626881801495-38dedd276108.jpg", "/home/jon/.config/variety/Downloaded/Unsplash/photo-1626788215378-b99fffb0d42d.jpg", "/home/jon/.config/variety/Downloaded/Unsplash/photo-1626117822118-d8e6d10b6352.jpg", "/home/jon/.config/variety/Downloaded/Unsplash/photo-1626139852053-88cc5587235f.jpg", "/home/jon/.config/variety/Downloaded/Unsplash/photo-1627211448588-7f56dd579128.jpg", "/home/jon/.config/variety/Downloaded/Unsplash/photo-1627418830154-ce9584f7f333.jpg", "/home/jon/.config/variety/Downloaded/Unsplash/photo-1626265911492-42f8a03f99e3.jpg", "/home/jon/.config/variety/Downloaded/Unsplash/photo-1628118426430-b5bafc5ed491.jpg", "/home/jon/.config/variety/Downloaded/Unsplash/photo-1626805712396-aa638f7405da.jpg", "/home/jon/.config/variety/Downloaded/Unsplash/photo-1627751476653-e954179b174a.jpg"], "last_download_failure": 1628948011.0835245}